<?xml version="1.0" encoding="UTF-8"?>
<project-private xmlns="http://www.netbeans.org/ns/project-private/1">
    <editor-bookmarks xmlns="http://www.netbeans.org/ns/editor-bookmarks/2" lastBookmarkId="0"/>
    <open-files xmlns="http://www.netbeans.org/ns/projectui-open-files/2">
        <group>
            <file>file:/C:/Users/alhat/Desktop/CPCS_425/src/cpcs_425/CPCS_425.java</file>
            <file>file:/C:/Users/alhat/Desktop/CPCS_425/src/cpcs_425/cipher.java</file>
        </group>
    </open-files>
</project-private>
